year,strat_return,strat_vol,strat_sharpe,strat_mdd,strat_trades,bh_return,bh_vol,bh_sharpe,bh_mdd
2023,0.13683096424520502,0.07718896513710971,1.7203958274369764,-0.04519940845627313,11,0.24812247255921438,0.131787239428566,1.7686783858175723,-0.10290744664584195
