year,strat_return,strat_vol,strat_sharpe,strat_mdd,strat_trades,bh_return,bh_vol,bh_sharpe,bh_mdd
2023,0.3181014421729962,0.1501524408606525,1.9375317376542625,-0.07829067401751866,20,0.547984761350125,0.19912690576172085,2.3221383995716005,-0.149314273684643
