year,return_,vol,sharpe,mdd,trades,bh_return,bh_vol,bh_sharpe,bh_mdd
2023,0.06391530708359472,0.0675938721873538,0.9578268349862332,-0.07125398194734178,11,0.24812247255921438,0.13152666615986178,1.7650936628628864,-0.10290744664584195
