year,return_,vol,sharpe,mdd,trades,bh_return,bh_vol,bh_sharpe,bh_mdd
2023,0.1676325639002283,0.08496442059585733,1.8815879575540664,-0.0460386583838156,17,0.24812247255921438,0.13152666615986178,1.7650936628628864,-0.10290744664584195
