year,strat_return,strat_vol,strat_sharpe,strat_mdd,strat_trades,bh_return,bh_vol,bh_sharpe,bh_mdd
2023,0.2974072415481588,0.12217721589032207,2.2186699227583992,-0.044862363697018126,15,0.55827602333801,0.17845280526853038,2.6069075932772736,-0.10779794273733856
