year,return_pct,ann_vol,sharpe,mdd,trades
2023,10.525671485130195,6.951504782019979,1.4918547569008473,-3.232213476244261,37
