year,return_pct,ann_vol,sharpe,mdd,trades
2022,1.9470670412193858,10.02616005125298,0.24398885312338686,-5.426412764726496,26
