split,source,strategy,Return[%],Sharpe,MaxDD[%],Trades
test,alpha,BuyHold,24.622973595,1.5129337337720026,-10.263149183040799,1
test,alpha,SMA10-50,13.131688660000016,1.5148195181437045,-5.6552379129929715,3
test,alpha,RSI14,9.865993730000001,1.0502010323687094,-6.676097914427492,3
